dtSamps,smbMod,xPix,yPix,zPix,utmZones,debkSamps,debz_0Samps,debalphaSamps,Var10,Var11,Var12,Var13,Var14
0.782240769647317,-0.336583647557762,484700,3095600,5162,45,0.773698329519896,0.014059868204307,0.11601294406125,0.000294878799980925,0,0,0.894207972672834,0
0.032388241750039,-6.43790713932185,482900,3093800,5017,45,0.739053968256687,0.0574576220932933,0.282197300034471,0.00026798758167329,0,0,-0.27028921473626,0
0.51847689737843,-0.0630940061952634,485200,3096800,5231,45,0.969997666243177,0.0108169101132589,0.356481588923522,-0.000386569670730251,0,0,-0.85091549029727,0
0.0811989006670459,-4.82487679703173,483700,3094600,5103,45,0.976440159210118,0.0380837910335442,0.215493311830114,-0.000489991929818959,0,0,-0.347555227109221,0
0.481917934423744,-1.5590962642933,482400,3092100,4940,45,1.24219246799205,0.036830747287541,0.18009884391824,0.000481912204296455,0,0,1.25678697524846,0
0.218646239918654,-0.0543641629827979,485300,3095200,5205,45,0.686352378250148,0.037303664354929,0.103938962218022,-0.000394856931032876,0,0,-1.11837305615027,0
0.0572881201799122,-8.42690207700812,482800,3093000,4969,45,1.33989064339999,0.00581521579098298,0.148176584062787,6.61452971671044e-06,0,0,-0.0312946017911255,0
0.21152188670787,-0.403699645652372,484700,3095100,5163,45,1.00242681695308,0.0571167741994392,0.208001900322846,-0.000388686278745291,0,0,0.776174183272185,0
0.582246664047261,-0,485700,3096500,5276,45,1.04903523580352,0.0317269377970197,0.235499278238709,-0.000370026852132957,0,0,0.832692695220322,0
0.57508363531847,-0.396632962768913,485000,3096100,5222,45,1.05799830982656,0.00610229667343178,0.296174072510438,0.000462493322918925,0,0,-1.48742349734451,0
0.226381820935325,-1.30226126967783,484400,3095000,5136,45,1.07358378536793,0.0346284956348795,0.173252787065337,0.000276984217308486,0,0,-0.737327103504532,0
0.661239855206072,-0.204610965543711,485100,3096700,5225,45,1.30045010068531,0.0513437466531041,0.343707263084576,0.000138438112306125,0,0,-0.347229713749667,0
0.169111862229108,-1.77049795817201,485100,3097300,5264,45,1.17619903691973,0.0267282684627234,0.127621275013227,0.000382362739615111,0,0,-1.16527624181637,0
0.246591167977694,-2.09092417249533,482600,3091900,4930,45,1.05477283658536,0.0263708353085097,0.372330879170303,-0.000212886979787043,0,0,-1.47325119347048,0
0.374197035665707,-0.586616039504864,484600,3095600,5155,45,0.950388249484345,0.0245739039340294,0.241107214651069,-0.000362389840946608,0,0,-0.196169211864513,0
0.933753159081663,-0.243157498113305,483200,3093400,5013,45,0.659666622525233,0.0570860512611813,0.342375094513511,-0.000263446833016949,0,0,0.117239956153764,0
0.440594866554393,-1.81598337337919,483000,3094200,5023,45,1.31486592724785,0.0173111143100967,0.144750138154097,0.000162406326208123,0,0,-0.1336269023939,0
0.793178442769506,-0.320593338981435,484500,3096100,5198,45,0.850452563821033,0.0523797794799636,0.204632197707926,0.000133791307517012,0,0,-1.27311883782771,0
0.431438150576663,-0.229952665422805,484500,3095300,5170,45,1.49846758094376,0.0168384405365721,0.246192305774225,-0.000120558620793732,0,0,1.30768583904569,0
0.771342393715349,-0.473177187459694,484700,3095400,5174,45,1.2370735154332,0.0176062067930376,0.124123632639639,-0.000161880628280491,0,0,-0.295448644025618,0
0.0455803131030166,-3.56421009968652,484200,3095000,5159,45,1.44839589296957,0.0410677782292461,0.199651605858852,-0.000452687090578853,0,0,-1.40966867233164,0
0.345137470117326,-1.8550128580653,482700,3092700,4969,45,0.936206602671518,0.00974923615868963,0.225627218325139,0.000195380903840238,0,0,-0.658134427273502,0
0.503133929106758,-0.359125630002549,484600,3095700,5165,45,0.763572852544655,0.00641318903358761,0.274063463754898,-0.000281448269097228,0,0,-0.324048057307146,0
0.512109098266735,-1.10056419590215,482300,3091200,4942,45,0.856241346812939,0.0509336101553442,0.136390377417533,-0.00042570534894961,0,0,0.0548540071973824,0
0.579313668745653,-1.68185153390996,481800,3090400,4925,45,1.27136737373882,0.0282758664685863,0.314189744868117,-0.000341514751967498,0,0,-0.176215863662678,0
0.398752549830392,-0.622502238154211,482300,3092100,4942,45,0.619760892533258,0.0173217292847222,0.399368219089207,0.000293982517440801,0,0,0.743068604481715,0
0.771370478122038,-0.0669414004881935,484600,3095000,5162,45,1.32502127351717,0.0254835284236657,0.296710875937831,-0.000355379826392765,0,0,-0.33113703930655,0
0.827867261171814,-0.0357415152744035,484600,3095200,5153,45,0.798028796466952,0.0563657862281366,0.295363314990551,0.000222900368310343,0,0,0.14814161758886,0
0.919149119252096,-0.187578469850464,486000,3098200,5307,45,1.28159194825472,0.0479749134021898,0.352686642599158,0.000476643424143556,0,0,-0.801142314063571,0
0.120673911272051,-1.64485066148072,485700,3097800,5307,45,1.37061828605298,0.0199347772479554,0.375737696370882,0.000230777902863499,0,0,0.16422577180039,0
0.515109337727987,-0.731432002315957,483700,3094300,5098,45,1.21571135090419,0.0323698439076517,0.352371296498581,0.000352593247533779,0,0,0.199130881332582,0
0.164483160168255,-0.485615625099019,485000,3096300,5223,45,0.769509409138359,0.0149407212433571,0.261291399168868,-0.000476450168462683,0,0,-0.844339992457803,0
0.962934273577476,-0.405088687598754,484700,3095900,5170,45,1.40722792531424,0.0218231558449303,0.326486778078729,0.000317500024398898,0,0,-0.925749743794077,0
0.421153221744072,-0.847916488030789,483900,3094600,5109,45,0.68726980999819,0.0387527831706173,0.150858401639764,-0.000271455502982848,0,0,1.41012828032542,0
0.429743076725455,-1.13749301675108,484700,3095600,5162,45,1.42145862091387,0.0103337380862861,0.104376543824339,0.000451076008458393,0,0,0.784969930563186,0
0.247398297006996,-0.649572878043512,485900,3098200,5300,45,0.783112904492833,0.0577972544722781,0.252838267883411,0.000198873074734428,0,0,0.750971517725629,0
0.928822387850401,-0.175304038314554,484200,3095000,5159,45,1.05761399701153,0.0222654947376118,0.380664053651377,0.000190987558578345,0,0,-1.19704365570139,0
0.148406152892802,-2.6199305959974,483100,3094100,5036,45,0.649261034042196,0.0433109632714247,0.20519556870143,-0.000478621936553523,0,0,-0.137222184031263,0
0.334888651948521,-0,485700,3096600,5278,45,1.26334472502315,0.0503303053190143,0.34793863022969,-0.000402732807252299,0,0,1.3826247990022,0
0.323035237940034,-0.432295653611134,484900,3096000,5199,45,0.722681878414596,0.0589814684164213,0.257593657290726,-0.000298462732825468,0,0,0.222340327496516,0
0.438193767733062,-0.126197463100365,484900,3095800,5185,45,0.55459921178744,0.0288693366589626,0.310059572523257,-0.000233789360287472,0,0,0.0828254028358852,0
0.443312310188504,-0.541378689463279,482800,3092900,4969,45,0.553268653850221,0.0373705332831163,0.308972045948409,-0.000175102507057222,0,0,0.112473018289225,0
0.384624495210937,-0.497595579425646,484500,3095400,5160,45,0.985923005392809,0.00810539300827838,0.327682626236152,-0.000276961230680238,0,0,1.24087372379241,0
0.443025263400967,-0.889954415681434,483100,3094300,5035,45,0.864768972130004,0.0118565354290543,0.32569277173728,7.04098494592622e-05,0,0,-0.195510904578782,0
0.185254433619954,-0.562468675245099,485200,3095000,5206,45,0.979049593320389,0.0391498814672001,0.229843006926575,-0.000174793445777944,0,0,-0.700254353569663,0
0.613275685112903,-1.32454699080916,481800,3090600,4922,45,0.84786455018794,0.0482849315591035,0.14930419471559,0.000208726302687527,0,0,-1.24660303886153,0
0.907455417701461,-0.115425087087289,485400,3097400,5275,45,0.69349968432216,0.0314951298815401,0.110241120782148,0.000348415304152738,0,0,-1.37101907971013,0
0.280517743379112,-0.313001391163045,485600,3097600,5301,45,0.635779392088929,0.0238954738540873,0.135160081606787,0.000316091355808598,0,0,0.0849667379271488,0
0.158141272496915,-0.848863839875405,484900,3096400,5207,45,1.4941616099211,0.0124587128197321,0.154344177665967,0.000109722400095372,0,0,-0.125748539597288,0
0.303730836603589,-0.914687587304637,484600,3095800,5167,45,1.22069004215174,0.0320949682750354,0.24350743044358,-0.000491643608668207,0,0,-0.0606310600572406,0
0.541702498000179,-0.139310568053158,484700,3095300,5163,45,0.907359122801144,0.0075391493286468,0.145505635663341,0.000261201679907227,0,0,-0.9432285323684,0
0.228100159891172,-1.36177607497131,484700,3095600,5162,45,1.39987835417085,0.0313429211322826,0.293078825307874,-0.000401625288942562,0,0,-0.149159081069842,0
0.123166059696677,-2.73758156097399,482500,3091700,4926,45,0.684538784562612,0.0324270439890795,0.376576226530383,-0.000195362031938868,0,0,1.0543392971797,0
0.571109075734129,-0.250371110235408,485000,3095500,5166,45,1.30464025389589,0.0387031302580909,0.248289098597659,0.000322739326129511,0,0,0.403807878516937,0
0.658806755928493,-0.313516219788074,483600,3094600,5101,45,0.746316648010638,0.0366665159248608,0.378530116012744,0.000207674561469536,0,0,-1.48553448771834,0
0.793736774724816,-0.0538214742441053,484700,3095200,5160,45,1.39230231545099,0.0450533721404051,0.398347525978742,0.000254434037070436,0,0,-0.497246317058137,0
0.532936553055905,-0.630527199391112,485100,3097400,5258,45,1.39536350301077,0.0135160571261351,0.244198224578677,-1.62438281757495e-05,0,0,-1.19905568545893,0
0.718539096356793,-0,486200,3097000,5281,45,1.42938835424256,0.047589249741134,0.188189738163668,5.29645837944982e-05,0,0,1.20823712544114,0
0.941042189237141,-0.476927505352989,482100,3091700,4946,45,0.829367346723929,0.00787643563375718,0.31973103206311,-0.000460557978133437,0,0,-0.51281921863678,0
0.943517513896027,-0.0880226168932974,484900,3095500,5170,45,0.854883025352251,0.0253123665654909,0.255687208083923,-0.000450113834627816,0,0,-1.26714123898574,0
0.494785722194828,-0.262786597332709,485100,3096600,5230,45,1.13158548876641,0.0557727865228496,0.244833874860364,3.75515726631239e-05,0,0,0.629893190714328,0
0.437050587752089,-0.981720474834665,484700,3096200,5192,45,1.14569401208877,0.0253390264067005,0.199378487232405,0.000281879015546506,0,0,1.04274411606921,0
0.775012086821802,-0.445024756805726,483600,3094800,5085,45,0.63680402272456,0.00999553704812978,0.168958905208306,-0.000262631729136323,0,0,-1.25791211900184,0
0.746929098566843,-0.414494174167368,482800,3093000,4969,45,0.961777583853042,0.0561336996479536,0.380876180422263,-0.000480751975786786,0,0,-0.018565974492889,0
0.0384749222876361,-6.04985001389418,482800,3092700,4966,45,0.765649650683595,0.0575062771329765,0.28243195891698,-0.000218320975839083,0,0,1.31679219679979,0
0.148111451013556,-0.200667786746697,485700,3097600,5303,45,1.05703477829634,0.0164309130184918,0.274004383460642,0.000468287741225218,0,0,1.10010112234253,0
0.57500170364205,-0.263180819563948,484100,3094600,5116,45,0.50745680939551,0.0186442305235942,0.267775292972401,0.00033425865354763,0,0,-0.244035682047029,0
0.0619504623288101,-2.57933461835318,484800,3095800,5175,45,1.49736455974039,0.0362892499432707,0.38922873801399,0.000199912670804839,0,0,-1.25886929927485,0
0.952962487394191,-0.220956043561125,483200,3093300,5007,45,0.579673764966349,0.0524970027271255,0.327286430919747,0.00017218946581333,0,0,-0.352922493736777,0
0.591089140079183,-0.960300758043912,483800,3095100,5106,45,1.06496087236542,0.00722208355469895,0.200687389526657,-0.000438867605666135,0,0,-0.402738763536204,0
0.956538827854984,-0.751396879617787,483900,3095200,5118,45,1.32361998204374,0.0501508062114891,0.101196157327357,-0.00021692686484042,0,0,-0.999152462337933,0
0.0966571949922725,-1.53169599368206,485000,3096200,5216,45,1.10961053211036,0.00698565707178441,0.355941917127871,6.37098047041786e-07,0,0,-0.914412350684256,0
0.97033736527187,-0,485500,3094600,5301,45,0.816937830197805,0.0535188670105546,0.141620996046755,0.000440447245893257,0,0,0.000794690449847035,0
0.793317754055834,-0.458757000765657,483000,3092500,4969,45,0.821976222859102,0.0093217018467449,0.383058626623856,0.000445490049836511,0,0,0.370068148038617,0
0.893744081808402,-0.277802093521894,484400,3095300,5144,45,1.15378905936016,0.058461476942527,0.168396474818568,-6.98192816411105e-05,0,0,0.442365354423058,0
0.147633605736683,-2.05047291046504e-05,485400,3096300,5264,45,1.26131965237695,0.0379769237461346,0.235380292324162,-0.00037244512290243,0,0,0.410235851452323,0
0.556471552064186,-1.20714062361498,482100,3091500,4930,45,1.31066945821261,0.050456423138583,0.268455493213494,0.000142872974440214,0,0,-0.552602377725023,0
0.282709479266668,-0.418555807387258,485000,3096100,5222,45,0.637749326684653,0.0553722370375933,0.280729086412089,-0.000116249462487452,0,0,-0.0153459079520513,0
0.437283408023822,-0.536404617893101,484800,3096300,5202,45,0.626291800070536,0.0295510605395164,0.288431251070271,0.000233938013993108,0,0,-0.0422723127980391,0
0.519848626071177,-1.1522188272061,483000,3093100,4982,45,1.11543407073208,0.0381855832607334,0.193918503679419,1.83145897438979e-05,0,0,0.220747081697863,0
0.525602871988525,-0,486000,3097000,5280,45,0.937730515831631,0.0446596752035973,0.114426873922886,-0.000393670683674809,0,0,-1.1393341518553,0
0.454295365097984,-1.54300535763248,482400,3091900,4941,45,1.46723811686913,0.0325121026503918,0.254715058590928,-0.00040407410096608,0,0,-0.608695582297781,0
0.259424106456586,-2.24081045044304,481800,3090900,4936,45,0.988979670771395,0.0343708423430989,0.313302773217335,-0.000142807763007611,0,0,-0.431971214942353,0
0.892990539320349,-0.997801404795668,483900,3094700,5117,45,1.40839886764609,0.0182914805752511,0.129195173304146,0.000320209584338437,0,0,0.913339968770521,0
0.794440230318432,-1.07663673751089e-13,485300,3096300,5247,45,0.818561887521238,0.0298142179192779,0.147907634040276,0.000371997644504451,0,0,0.386836552000402,0
0.823832648070543,-0,485500,3096300,5273,45,1.35298411209064,0.0155411849566069,0.194735023478702,0.00024304906419669,0,0,0.0430394106757177,0
0.92222581275991,-0,486300,3097100,5281,45,1.2846138331241,0.0456015295906152,0.342611451277381,3.15316675776671e-05,0,0,0.199617872389162,0
0.705676848259275,-0.261283781984144,484800,3096900,5247,45,0.69814548791586,0.0502525545943157,0.208810419215929,0.000195115390219194,0,0,-1.45601045512945,0
0.769298246644253,-0.799511103343539,484000,3095500,5127,45,1.16701216635585,0.0529794027814609,0.153839692835858,4.44699658229569e-05,0,0,-0.981875694870469,0
0.542661161332413,-0.815728411681826,483700,3094600,5103,45,1.04471221459333,0.0161403727487961,0.282303897218543,0.000291577248530146,0,0,0.507125508849231,0
0.91633542835662,-1.74698605144233e-13,485800,3096500,5309,45,1.48482726900089,0.0252240548325711,0.1140880200617,0.000264466963639095,0,0,-0.681796204989292,0
0.293798626388282,-1.1884532350425,483000,3093400,4992,45,0.818955079624331,0.0437639662528508,0.290908964992885,-3.58146832056671e-05,0,0,-1.42456193058288,0
0.952497703257063,-0.194271723981568,484700,3095700,5168,45,1.07207352930053,0.045239960341776,0.290703416083552,4.93660543390807e-05,0,0,-1.28338356282389,0
0.538220615711,-0.101776615116783,485000,3095200,5185,45,0.793042178016553,0.0531772801831725,0.251651249469224,-0.00036086878941193,0,0,1.1683510299572,0
0.992826657035865,-0,486300,3097100,5281,45,0.568262304206254,0.0436165426901385,0.36588724959014,-0.000101191471641686,0,0,0.0635933009595666,0
0.369452692444156,-0,485900,3097100,5286,45,1.18148914009676,0.0097312761798699,0.301610217739183,0.00030204219957297,0,0,-0.24671890893566,0
0.565433964790483,-0.15829311595395,485200,3095400,5191,45,0.883577503288428,0.0589335543637364,0.244611989679589,2.52931409976072e-05,0,0,0.454118394204792,0
0.812514545218239,-0.409984105921291,482700,3092600,4953,45,0.527717506415682,0.0482948351069074,0.172662850768368,0.000220519858892615,0,0,0.642333961837122,0
0.879283071258005,-0.85448477578122,483000,3094200,5023,45,1.47193140739413,0.0220451887719121,0.218983392742327,-0.000204015101393272,0,0,-1.3410027091492,0
0.594630584871535,-0.0173596548802641,485400,3095400,5219,45,1.05592800428837,0.0515201368776545,0.204307909396059,-0.00030851634805601,0,0,0.0462345235236583,0
0.226431962443659,-0,485800,3097100,5291,45,0.614644849016196,0.0268035616369454,0.20001919908405,-4.22262947047696e-05,0,0,0.425044823196338,0
0.765340719850188,-0.524031063640995,482700,3092800,4970,45,1.12973507016152,0.0422738726222397,0.385598008435868,0.000441001649639694,0,0,-0.230935721709437,0
0.379212812091428,-0.706840621313227,483600,3094600,5101,45,0.546277890906817,0.0238397305675522,0.18040837334582,-0.000145349372154782,0,0,-0.112060640933134,0
0.880131107030409,-0.504763062828786,483800,3094400,5108,45,1.16548517570737,0.0154015991204196,0.270281802413237,0.000301622312955895,0,0,-1.07329335783034,0
0.477682320231034,-1.00905089710237,483500,3095100,5116,45,0.806338656261407,0.0509984572918606,0.118763907551038,0.000416059949203604,0,0,-0.842310988922383,0
0.358079746098605,-0,486000,3097200,5299,45,1.49513874697337,0.00573012825765362,0.187618462806973,0.000208096821401852,0,0,-0.350962151937332,0
0.535544668280614,-0.697842309715144,483100,3094400,5040,45,0.743972812072766,0.0367993573757143,0.259049685350045,-5.08878472374735e-05,0,0,0.993332842810349,0
0.991891113415554,-1.49698464828494,481700,3090300,4923,45,1.30818792535007,0.0382417415278716,0.115765071593036,0.000422818653632521,0,0,-0.794649463266494,0
0.729391595921405,-0.0391723710422076,484900,3096900,5244,45,0.864802589641162,0.0483687607251617,0.335148632370169,0.000305135188887186,0,0,-1.31631371269651,0
0.295848623975904,-2.29074741479974,483900,3095400,5139,45,1.24130510785378,0.0438936215909613,0.171454749808955,8.98372186220681e-05,0,0,0.0101198776557014,0
0.378247302488626,-0.123176310677103,485500,3096800,5260,45,1.27878610182297,0.0336178839387574,0.208486176115997,-0.000218434045768901,0,0,0.659827332526978,0
0.845276826168901,-0.227958747375646,485000,3095700,5212,45,1.24542644161341,0.05312996126347,0.10508911957273,-0.000354280912829831,0,0,-0.250688627911572,0
0.87490057731411,-0.651118350585442,482000,3091000,4938,45,0.749687715771405,0.0153146318514076,0.253269407723783,-0.000361690596333394,0,0,0.215015440479648,0
0.537961905661744,-0.804881923191379,483600,3095000,5098,45,0.765412590360166,0.0369177593928793,0.193060479967627,4.62913473330745e-05,0,0,1.11162178947041,0
0.0316919083287233,-6.21600929484575,483400,3094400,5087,45,1.15348440875115,0.0169930995781787,0.320260016998189,2.36687866886953e-05,0,0,1.30701326378816,0
0.67541043094267,-0.0996363908163208,485200,3095100,5203,45,1.14615662098267,0.0115369488930621,0.376496123675701,-0.000387304036270614,0,0,0.785186984179797,0
0.797759638817882,-0.896494118480099,482400,3091800,4940,45,0.880846491042113,0.0185188677018815,0.118313663073641,-0.000258847116767286,0,0,0.277892542195025,0
0.739199045405156,-1.44722685311537,482500,3091800,4929,45,1.47561731623523,0.0148555747419928,0.151318050310234,0.000453853074563669,0,0,0.954187215581124,0
0.972795151450615,-0,485800,3096800,5265,45,1.3117760575842,0.0522316287707817,0.149881072793256,-0.000259000445100392,0,0,0.0720000907214122,0
0.374047455613623,-1.5432603742065,483300,3094800,5079,45,1.37794884305226,0.0336255400772958,0.267037635989257,-1.92346450897434e-05,0,0,1.33979868292782,0
0.307940857836138,-1.32193412400834,482000,3091300,4934,45,0.641421610704068,0.045734027702004,0.233513509342998,0.000140434314190387,0,0,1.1817837796245,0
0.521541417154425,-0.94629164596477,481900,3091100,4926,45,0.798073865527797,0.0529275645242441,0.273177449301739,-0.00023989302690171,0,0,-0.893932320875008,0
0.596483875138237,-0.295621179023387,485000,3096100,5222,45,1.12008124696872,0.023982002415872,0.381124870083677,-0.000344347759430401,0,0,-1.27266954973337,0
0.382609676233286,-1.00442713995398,483200,3093200,5005,45,0.926012551185987,0.0135979764140836,0.347846572531807,-0.000361769625271433,0,0,-1.34075265166925,0
0.608132346085483,-0,485900,3097100,5286,45,1.18780975754069,0.0377777093121947,0.155635209798258,-0.000118986292816262,0,0,-0.340192052935996,0
0.279987244383502,-1.42293301252792,482300,3091700,4919,45,0.583526613122422,0.0149137292562168,0.208857561394998,0.000299701575236066,0,0,0.603678776968911,0
0.499708345933738,-1.25913070366605,483900,3094500,5100,45,1.47379100190966,0.0250527205066592,0.147377830392169,-3.07156521947558e-05,0,0,-1.49348583808016,0
0.538569739746286,-0.0104831976346828,485600,3095300,5250,45,0.622674366053986,0.0518192561366176,0.219280585107601,0.000328157375030489,0,0,1.38477535938837,0
0.983662187071262,-0.562048517865219,482800,3092600,4957,45,0.912047219008998,0.0272847868160526,0.186770015888323,-0.000286129216675288,0,0,-1.35899559853923,0
0.169283329486912,-2.79109348685953,483500,3093900,5024,45,0.899904935553935,0.0541153839178885,0.255925457477402,-0.000346234955995846,0,0,-1.31894146218738,0
0.237802965902218,-3.26088200007213,483300,3093800,5022,45,1.28373157238263,0.0180995264114235,0.170776451222782,0.000125716264308357,0,0,0.0104172453737816,0
0.183356109637247,-5.16784777179542,482000,3090700,4939,45,1.47645549623439,0.0160401492828393,0.32546479477487,0.000144068615615578,0,0,-1.33989821247182,0
0.425413079647741,-0.414950350080844,485000,3096300,5223,45,1.20074519793204,0.0237407045041108,0.105186248686948,0.000144405463369995,0,0,0.348783708483592,0
0.792223487343932,-0.217710055966724,484600,3095900,5175,45,0.520774406760898,0.0436493467995518,0.195442773760181,0.000308352559328993,0,0,-0.737655676852238,0
0.305799303397798,-0.917312159291506,483400,3094600,5069,45,0.590508321637531,0.059252949889419,0.141839968299588,0.000107749060674502,0,0,0.357955273958023,0
0.6348277503556,-0.747952389049781,484600,3096600,5237,45,1.28748169010925,0.0172357418934038,0.301248827275431,0.000322578763597546,0,0,-0.817888837221432,0
0.243285038090842,-1.08959393555635,484400,3095500,5139,45,0.641809151910375,0.0427952462689095,0.201579485928918,-0.000472143406811878,0,0,1.24797846054846,0
0.313427831456315,-1.5294694471091,483300,3093300,5012,45,0.799860854181915,0.0101108561252096,0.232340916200439,-0.000413209016031692,0,0,-0.374954809303128,0
0.406763089434666,-0.489550526302358,484200,3094900,5125,45,0.591460671028889,0.043403062280968,0.243228801523752,-0.000117234344722691,0,0,0.941443252119554,0
0.25844303059553,-0.235652539803332,484600,3095000,5162,45,0.953376245842197,0.0310631407497907,0.306455155017927,0.000221976785048222,0,0,1.06604629456717,0
0.746008866530489,-0.260030136208832,485200,3096500,5247,45,1.40020407442204,0.0162648495875737,0.254742004600132,0.000384180913406152,0,0,0.265650671707412,0
0.640901279151854,-0.0690908618819582,485500,3096900,5261,45,0.916844231579301,0.0371902897836609,0.101629070409106,-0.000233679966948286,0,0,1.43366660563579,0
0.0628751368217673,-4.87136371880797,484700,3095900,5170,45,1.49666701269808,0.0284031222922644,0.175279979514239,-7.88355756683638e-05,0,0,-1.15194691513042,0
0.60224911916997,-0.0493037722340521,485100,3097000,5251,45,0.841924547655809,0.048371069912511,0.300190761911076,0.000122116487421597,0,0,1.45912191046093,0
0.704413152310231,-0.740109369304208,483200,3093300,5007,45,1.07766699131395,0.059831300317266,0.196840190368934,-2.90417826824596e-05,0,0,0.300253295026453,0
0.683815161803983,-1.08401884523374,482800,3093000,4969,45,1.26655820103673,0.02552642484899,0.209922759675462,-1.86000274507352e-05,0,0,1.03204887536927,0
0.868247200334112,-1.17125404907552,481600,3090400,4928,45,1.10961301737061,0.0559843598541636,0.200095258431254,0.000289776839409942,0,0,-0.789038930104929,0
0.504692515571491,-0,486300,3097200,5288,45,0.922773606467047,0.00880920727178389,0.139056025560426,-8.40126696719239e-06,0,0,-1.35717711705651,0
0.992888842714182,-0.490876733717626,483600,3094700,5089,45,1.326826074542,0.0353610908756171,0.261972720924139,6.89994355809005e-05,0,0,-0.0129253950013695,0
0.597809533395288,-1.11299371067932,482900,3093000,4971,45,1.20148919950067,0.0240143441853669,0.205649036118129,-0.000137533552436099,0,0,0.565556147497936,0
0.0969406365140998,-1.7034478361889,485900,3098100,5312,45,1.22278118055255,0.0549677227941479,0.288993222133663,3.65654503669213e-05,0,0,-0.547488838896203,0
0.639854848671763,-0.356323847269646,484500,3095800,5176,45,1.24068307060432,0.0577929135415347,0.208694462418368,-0.000438962507488205,0,0,-1.09639552396545,0
0.0232956298312737,-7.87208506631161,483000,3094300,5038,45,1.43892854035808,0.0249384679106776,0.243263162705415,-0.00046189202736827,0,0,-0.74882767086009,0
0.901636748392053,-0.262825177491535,482400,3092000,4946,45,0.531850181660616,0.0372952291218626,0.335112441675532,6.01319737875246e-05,0,0,0.119140563979885,0
0.979037759796555,-0.494316310179723,483000,3092400,4984,45,1.18767032283546,0.00796680795448207,0.390853809015708,-7.28690339390068e-05,0,0,1.36222848727518,0
0.583105619310637,-0.284268499756468,484700,3095400,5174,45,0.789448899764321,0.0525530254368719,0.204709378187102,-0.000158549753879234,0,0,0.901199913674998,0
0.569833602143288,-0.955050199414517,483500,3094600,5078,45,1.13956388044687,0.0423234482785857,0.14339090190137,0.000297957875601248,0,0,0.863246255931244,0
0.0532845836348383,-6.81957873581487,483900,3095300,5135,45,1.0647687539277,0.0156498132037015,0.147230399670925,0.000398812928133345,0,0,0.711307234903471,0
0.152239098413237,-0.18715118776185,485600,3096900,5271,45,1.23120869413971,0.0445639017451402,0.337625994271359,0.00039162280115732,0,0,-0.197834878637322,0
0.406324420835038,-1.54186641677425,483400,3094500,5077,45,1.41109357291968,0.0122867272467735,0.2019103132542,-0.000499395673433833,0,0,-0.514768463167531,0
0.845513449053889,-0.218760811376841,482900,3093200,4975,45,0.518053711185533,0.0381595376158293,0.390378658538722,0.000387062798916685,0,0,0.540983453112406,0
0.213029646043174,-1.71886194554408,484700,3095900,5170,45,1.01197272835664,0.0300335028256743,0.241270502809858,0.000169400357145113,0,0,0.720429568056111,0
0.0310482919187885,-7.87480314112945,482300,3091800,4936,45,1.02336251589168,0.0343508289600375,0.3035643228707,0.000112897288777783,0,0,0.808462867120928,0
0.623499763868673,-0.672305708495252,482000,3091300,4934,45,0.693742128272284,0.0506225806951531,0.245997974539424,-0.000103130986925284,0,0,1.47882401412993,0
0.12031926743166,-0.462802171387742,484900,3096700,5238,45,0.506440458478512,0.0146628432065037,0.240785178532619,-0.000348325325506135,0,0,-0.116586092169515,0
0.41312440496488,-0.823252379538399,482600,3092800,4964,45,0.994959326530573,0.0489255377346842,0.393729532397191,0.000351083474309603,0,0,1.09629670417537,0
0.902574650358015,-0.578575748430806,482100,3091200,4924,45,0.745774390106406,0.0160032258969115,0.2667200906005,0.000215177680547809,0,0,1.2270600788903,0
0.132823793589874,-3.59862645387018,483100,3093700,5011,45,1.08927408130599,0.0251252160788315,0.343725945880955,6.83609997924561e-05,0,0,1.02164278326891,0
0.186260738687275,-3.38563914559672,482400,3091700,4923,45,1.15145561408107,0.0375178948832189,0.268584472781215,-0.000297443275108973,0,0,1.36535311104474,0
0.328466735463118,-0.121766054760247,485200,3096800,5231,45,1.46578074570677,0.0453335970548761,0.305801286576961,0.00020197138306304,0,0,-0.111547723091673,0
0.676805875110304,-0.669402172743308,482700,3091900,4953,45,0.716097336297793,0.0459327404395245,0.13287469728281,-0.000184930912137499,0,0,1.05925730728718,0
0.543178673260599,-1.20533400668974,483400,3095000,5113,45,1.17488356551853,0.0158009500285943,0.227564786250996,0.000214512802131315,0,0,-0.351177398971753,0
0.328555166978855,-1.69702043423345,482300,3091400,4929,45,0.849258290030878,0.0477499450467969,0.187431147027054,-0.000194159063854451,0,0,-1.21276155045177,0
0.899611114537187,-0.176957614925988,483900,3094900,5122,45,0.571241796506758,0.0273402898041545,0.376279531117295,-0.000280408157237319,0,0,-1.45629083773264,0
0.377495047869883,-0.734906688398325,485100,3096100,5225,45,1.26767541159919,0.0142378352360701,0.210682401715029,-8.7627583553666e-05,0,0,-1.3625374175497,0
0.16633107447052,-2.48337922875998e-06,486100,3097000,5285,45,1.16393068659896,0.0366266921910553,0.330172629178092,-0.000128307902956251,0,0,-1.2626680414806,0
0.433818206427036,-0.86487683203315,482900,3093500,4998,45,0.575596892271848,0.0199731943776286,0.160054277342948,0.000479043761444821,0,0,-0.709460147485207,0
0.360422298197856,-1.99430527418287,484400,3095900,5183,45,1.45013183652441,0.0478092085917927,0.166726714990054,0.00026761815998066,0,0,1.32568651915604,0
0.291935196216369,-0.90569699785223,483900,3094700,5117,45,0.74250064271484,0.0471527317017933,0.317555338238825,-0.000457498703958466,0,0,0.151363806359317,0
0.969092670357553,-0.580860886856185,483900,3095400,5139,45,1.1828284926153,0.0492061262847577,0.188260830913495,6.45800215614482e-06,0,0,-1.11724175862119,0
0.715825699524773,-1.19839471871103,483300,3093400,5011,45,1.33724410565559,0.0110874064082639,0.189717124270465,8.20041429741425e-05,0,0,1.00597514296099,0
0.764931216989073,-0.0522202555246044,484500,3095300,5170,45,1.25511667881055,0.0485361630512277,0.383025161463248,0.000320805256204503,0,0,-0.103927841662238,0
0.408889356991713,-0.706289489773145,484300,3095500,5135,45,0.634445263458436,0.0415823192863207,0.156716935206284,3.12388569842272e-05,0,0,1.01353559119941,0
0.383147599057878,-1.31825489020367,483400,3093700,5022,45,0.936507027752457,0.0392465253890409,0.206778803484714,0.000288708900014894,0,0,0.481901901489795,0
0.439798917832064,-0.757330863666673,482500,3092700,4942,45,0.639206740571169,0.0147285244419388,0.297705612783172,-0.000200205689064722,0,0,0.220377786156237,0
0.454774137472237,-1.23244160262559,484300,3095500,5135,45,1.08963343963475,0.0118700088977523,0.167512935962526,-0.000134618010204367,0,0,1.28650102903799,0
0.192905659863217,-1.72769533147719,483000,3092800,4980,45,0.718454733554393,0.0357864343309844,0.360018395848286,-0.000201551174061995,0,0,-1.36561200691688,0
0.685318154016015,-0.565477669602836,483100,3093900,5019,45,0.837514476271354,0.0159628854361355,0.33763375554988,-0.000117393991052554,0,0,1.40948849082513,0
0.38268012203902,-2.52337940012651,481600,3090400,4928,45,0.945487254279691,0.00878913734534108,0.216540733975669,-0.000470586453041893,0,0,0.968723035142304,0
0.275669958573579,-0.293044312566663,485000,3095300,5196,45,0.746619299131969,0.0401796235665606,0.150649317502645,-0.000176841378518717,0,0,-0.97129967495661,0
0.697526548663997,-0.829453025140759,483700,3095300,5128,45,1.03386192366115,0.0418185502091169,0.117932455288387,-1.4055045612836e-05,0,0,-1.39813330449064,0
0.0811154961530727,-4.16695110522955,484600,3096300,5209,45,1.15497036362628,0.053958305982852,0.133386261156767,-0.000381525992530226,0,0,-0.585570372488334,0
0.176886511798403,-3.57473484139984,483000,3094000,5027,45,1.41112700686024,0.0287770099601859,0.294897777566174,-0.000258050129493807,0,0,-0.197570422760347,0
0.0630020811477778,-0.000778123517884238,485700,3096400,5301,45,1.05468441170053,0.00760719921708687,0.115965502127812,0.000425052031469421,0,0,-0.12785247855458,0
0.409295379075595,-0.129137910737158,484600,3094900,5169,45,0.692107156655319,0.0566668838367948,0.295122315767159,0.000172584862196243,0,0,0.621183916770156,0
0.80925848212701,-0.290997401888285,484400,3095000,5136,45,0.954978433164349,0.0457095169930603,0.129422079017367,1.79751166308857e-05,0,0,-0.00671924747768671,0
0.40666309503941,-0,485400,3094800,5226,45,0.940536776012298,0.0277101118067459,0.351704496754525,0.00040107122887593,0,0,0.435059850699534,0
0.778648279708536,-0,485900,3097100,5286,45,1.4475679120939,0.0127185322307345,0.379006122089804,-1.2427299447488e-05,0,0,-0.737346575451613,0
0.866599673661262,-0.121028950795851,484500,3095600,5152,45,0.591355954852392,0.0570092068149564,0.259605149154562,-0.000417026055174455,0,0,0.291729800341536,0
0.581370314049208,-0.51679822728052,484700,3095400,5174,45,1.20291281047649,0.0556695146037996,0.11746555737415,-8.8634936342116e-05,0,0,0.702014898364344,0
0.658727568585462,-0.393508731587672,484200,3094900,5125,45,0.704757263507447,0.0560140041069355,0.16538855282683,-0.000300105617395986,0,0,0.959087439549012,0
0.899004235296174,-0,485600,3096600,5260,45,1.30857129799213,0.00573808890983795,0.161337996185167,-0.00018134946567705,0,0,-0.271838757673105,0
0.271602540855524,-0,485500,3096400,5255,45,0.801855297987472,0.0475993636719362,0.398359612505098,-5.86201198188646e-05,0,0,0.408545848756749,0
0.2247508586811,-0.858535165667092,484200,3095000,5159,45,0.895905075309678,0.0265664292164042,0.337006332704212,-0.000101449932524854,0,0,1.32315296199672,0
0.839113297052105,-0.122257483596176,485400,3097400,5275,45,0.905473778579796,0.0533348610617745,0.279699677452599,0.000417188070807019,0,0,-1.11071540295803,0
0.967644597484564,-0.288618242100693,484300,3095500,5135,45,0.756271663858096,0.0241451376555315,0.291210239236939,-0.00022371642218925,0,0,0.686257173677716,0
0.652582052654296,-0.557673667968908,482900,3092700,4964,45,0.753684020325385,0.048245352088834,0.254345758546117,5.827499966987e-06,0,0,-0.479186208033618,0
0.701185231543252,-0.00413836573773386,485100,3094900,5201,45,1.07487462023842,0.0189708117105503,0.136082902492689,9.0605330367802e-05,0,0,0.985948994102626,0
0.853288437335596,-0.990815779546211,482000,3090700,4939,45,0.653043223471425,0.00751186236396525,0.144279933063016,0.000123545572539035,0,0,-1.06078252083149,0
0.0500124667210434,-8.45044337279545,483300,3093900,5026,45,1.37848750461688,0.0369256735447676,0.132665322890365,0.000425041741445937,0,0,-0.610621243653099,0
0.574414686775718,-0.255852074230123,485100,3096600,5230,45,1.421550739389,0.0560089919318954,0.306163209851028,0.000371773206420979,0,0,-0.537929158551233,0
0.403117062574415,-1.24199194282893,484400,3096200,5229,45,1.03791420824395,0.0339064943431802,0.21363531324949,-0.000377682564332343,0,0,0.908757752429111,0
0.500618505550254,-0.651880326355914,483100,3093900,5019,45,0.600555615121243,0.0286754032983581,0.243290574308162,0.000458512743893245,0,0,-0.0854326074620362,0
0.538242315769172,-1.34106590146443,482200,3091100,4939,45,1.29170317322246,0.0399555410617439,0.222140852764207,0.000245883156479814,0,0,-1.49984940951114,0
0.615162483893943,-1.56385188148363,482000,3090600,4934,45,1.17990026806481,0.022030474518935,0.300980192893563,-8.7646336029068e-05,0,0,0.992250435257864,0
0.474403376774928,-1.08698368577742,484100,3095600,5138,45,1.40261416566957,0.0168472364776421,0.290247926272069,-0.00033431366796774,0,0,0.681986668793321,0
0.458808257437363,-0.481913695732295,485000,3095800,5218,45,1.33459160669241,0.00737691110646563,0.182406648644677,-0.000322528576018198,0,0,0.997888778625767,0
0.562472358885659,-0.875644447496919,482900,3093100,4971,45,1.14263905581936,0.0495537493015046,0.257897254911277,0.00023541346822606,0,0,-1.32075865148208,0
0.2167652061612,-1.74923548056405,483100,3093100,4996,45,0.696066277365412,0.0466429945612507,0.24880995083241,-0.000253085678922053,0,0,-0.112063103993643,0
0.479481970256979,-0,485600,3096300,5290,45,0.854431199053484,0.00955328366766276,0.280858773202792,-0.000311630801205251,0,0,-0.345376894303116,0
0.6205275544885,-0.632606368541595,484600,3096500,5218,45,1.30705306135564,0.054560887893222,0.331969453566824,0.000370070825362365,0,0,0.279300665658497,0
0.257843173623856,-1.46183621663492,484700,3096300,5206,45,0.903584220813373,0.0313581288423298,0.194218869730302,0.000109781437381912,0,0,-1.14072385853138,0
0.412461326274294,-0.775732332977694,484700,3096200,5192,45,0.99557520917853,0.00757676663668548,0.309649478934379,0.000358769920175048,0,0,-0.341053762543185,0
0.275286853944108,-1.9162352219114,482100,3091300,4921,45,0.655986343388891,0.0370814697994095,0.1354146325312,0.000180482911216419,0,0,1.36979296471687,0
0.602364177363786,-1.06543550287816,482200,3091900,4933,45,0.985992349343466,0.0465008054003754,0.11593674269066,1.81999553814567e-05,0,0,0.216478035237911,0
0.147541367472949,-4.12680022327063,484000,3094800,5124,45,1.12686640155826,0.0460234557552846,0.113376560674807,0.000394836388842606,0,0,1.04288868037784,0
0.329232966048643,-0.359703603994975,484400,3095100,5148,45,0.539241060774308,0.0574157108572779,0.164472699812462,-0.000190665951761698,0,0,-0.488321392800089,0
0.780243273136157,-0.427595457186681,485100,3097300,5264,45,1.36470257806698,0.0481540498589191,0.255723285158924,8.20400723144807e-05,0,0,1.3833235642634,0
0.543526692154887,-0.811621742690712,482800,3092800,4965,45,0.930669677305113,0.0387479373561473,0.282483702660718,0.0004311647716068,0,0,0.742241771270592,0
0.611324387719533,-0.382482801932456,483900,3095200,5118,45,0.522397071961177,0.0109152262051828,0.314534318230358,0.000403267629712046,0,0,1.21746503738134,0
0.634324592844219,-0.357147840940562,484100,3095500,5134,45,0.575839059678187,0.0523717402184419,0.173554352324248,0.000121154163825675,0,0,-0.0153785443978316,0
0.227786558655427,-2.31130210623686,484000,3094700,5122,45,1.03977681420852,0.0395686423368729,0.152901634537186,8.3925691722825e-05,0,0,-1.07238461115207,0
0.877531459711647,-0.212577882272385,485800,3098000,5312,45,0.801682360555521,0.0253961589552829,0.167009788557665,7.05077917335282e-05,0,0,-0.733891852051723,0
0.150181119674474,-1.75627479495207,484900,3096200,5204,45,1.31803908752894,0.0353405618410267,0.100179942022038,0.00018599334215877,0,0,-0.797871590481854,0
0.250096201133771,-1.06255854573606,483200,3094100,5045,45,0.628830265667863,0.0338741354444574,0.309645224358719,-0.000369031468979445,0,0,-1.1065749843307,0
0.85638225934916,-0.0966940477563125,484900,3096500,5212,45,0.589122796991945,0.028543250604731,0.244263382443295,0.000410934094105777,0,0,-0.872912714840622,0
0.615523623050652,-0.774751406875069,483000,3093000,4984,45,0.923034495147382,0.0340207038244912,0.24513438497614,0.000232174311996854,0,0,0.418235237337308,0
0.200117307859999,-1.67884856452827,484800,3095500,5168,45,1.12225664822297,0.0419285750444566,0.110766773012043,0.000359940404684344,0,0,-0.686052837599802,0
0.812499578334947,-0.602115403384361,483100,3092800,4974,45,1.12616798955604,0.0365105645723141,0.291527726659896,-0.000366247050818789,0,0,-1.44128663406971,0
0.449926051254557,-0.619421262121779,485700,3097900,5311,45,1.08043182534323,0.0131330823645871,0.160796747682683,-0.000387338976560989,0,0,0.42113569259546,0
0.704834393089544,-0.365261105706287,483200,3093600,5019,45,0.722999754152253,0.0322257973486777,0.358566734818462,-0.000382930309793456,0,0,-0.4063300775135,0
0.0780780638324142,-2.09562740397269,484700,3095600,5162,45,0.728366102775328,0.0417878034249993,0.2983827811078,0.000185031581267171,0,0,0.946370961383882,0
0.140505637543619,-4.49222092467175,483400,3094100,5051,45,1.12179449382806,0.0312220577781508,0.17476568573527,0.000384273126569195,0,0,0.126705068974057,0
0.438354778288655,-0.0649483513470819,484900,3096800,5231,45,0.808659008171678,0.00649940059985445,0.343174956109384,-8.26848508775004e-05,0,0,-0.147245013558347,0
0.794768967906502,-0.0777375183593838,484900,3095200,5175,45,0.597482156753185,0.0051973509654666,0.18441803010367,0.00025054447114389,0,0,-1.17700938305926,0
0.453690780672981,-0.571510062579648,485600,3097800,5295,45,1.11357959661246,0.0288643381626244,0.389093167595368,0.000351390497944102,0,0,0.491083420842523,0
0.343088783214076,-1.3159013082042,482900,3092900,4983,45,1.22046260225037,0.036946574925955,0.360216839757532,0.000256995613873974,0,0,-1.45534804235939,0
0.261259781816886,-0,486200,3097100,5283,45,0.828740042566002,0.050009165698914,0.178618246624905,-0.000229830598333923,0,0,0.665937500631189,0
0.10699503612114,-0.000220825252503602,486000,3097100,5289,45,1.22458997410274,0.0317284239056329,0.317987838965184,0.000123398207509684,0,0,-0.481340655851166,0
0.43413467291787,-2.00531636137092,483200,3093900,5026,45,1.30389714217344,0.0135461888982164,0.114017013307321,-0.000106441094829049,0,0,-0.962285767519213,0
0.740186934744523,-0.332691890514929,484400,3094800,5140,45,0.678722976764161,0.027922817456808,0.179682173026164,1.22228011191249e-05,0,0,1.43339598554068,0
0.423175638434011,-0.820765871924933,483700,3095300,5128,45,0.748016009409774,0.0124227793278267,0.291118028572467,-8.20581681771463e-05,0,0,0.310378037985106,0
0.561784944401535,-1.13838436118119,482300,3091300,4933,45,1.04275152803201,0.0370989354429812,0.263699477888511,-9.12785858243078e-05,0,0,1.33892790057991,0
0.807427490735233,-0.871903574441101,483100,3092600,4996,45,1.48090775464166,0.0327698593264832,0.252857385924788,0.000430589980163837,0,0,0.110923270974596,0
0.762137187331566,-0.424573462179436,484200,3094900,5125,45,1.43111730376544,0.0313150659458254,0.392621595743528,0.000446986909909521,0,0,-0.791466253044306,0
0.061233219344362,-0.0853804810173533,485000,3094700,5230,45,1.26751970519053,0.0213045224737336,0.286781369000984,6.53955415691031e-06,0,0,-0.917387270870112,0
0.980465427979013,-0.231814292172985,484500,3095800,5176,45,1.1317474561543,0.0487306069632924,0.229906753678922,1.54733314884017e-05,0,0,0.0792796929005255,0
0.696402942589194,-0.96634991269806,482500,3092600,4945,45,1.49901426357938,0.039456080179567,0.28296791554911,0.000128563582113569,0,0,0.897108880734224,0
0.794076133099391,-0.371904650985713,483000,3093600,4996,45,0.789445032606064,0.0556850530353641,0.317005238012505,-0.000261100316478785,0,0,0.742234345084221,0
0.680122396779567,-1.8237189043605,482200,3091400,4921,45,1.47640510586777,0.00959979643306668,0.174099383390395,-2.77514905604894e-05,0,0,-0.810943623851355,0
0.432301186825243,-0.706392155316152,483300,3094100,5054,45,0.68775675662881,0.0556322408022929,0.231244782288608,0.000244132715028865,0,0,0.423905393053571,0
0.704122626890696,-0.788004188649068,482500,3092500,4954,45,0.769980703493986,0.0191036029890632,0.137750790553842,6.42575612086058e-05,0,0,0.245130939248142,0
0.114485645281,-4.66566344531055,482500,3092000,4952,45,1.25547911253595,0.0532807698760706,0.32850289169519,3.07936264428362e-05,0,0,0.446591353944157,0
0.114913653779856,-4.48156398240562,483100,3094200,5035,45,0.845677443677742,0.0477526927610652,0.113630650418878,0.000470033862429134,0,0,-0.736205866988096,0
0.12685205035826,-5.91754042952972,481600,3090400,4928,45,0.987856109639668,0.021031312749567,0.239145787962635,-4.26730236055041e-06,0,0,0.395298572338709,0
0.783151500637213,-1.01341584128758,483500,3095100,5116,45,0.959328000485558,0.00791056398789396,0.107687386466937,0.000311499912680043,0,0,-1.21030550123971,0
0.854133266267291,-0.636525802429682,482200,3091800,4938,45,0.811276454403431,0.0171037556746593,0.176917695118901,0.000183359712283777,0,0,-1.32273719625845,0
0.956164159515162,-0.191117885903771,482800,3092600,4957,45,0.507824350294711,0.0422044505466889,0.390552820303486,-0.000128434162956952,0,0,0.971670883261573,0
0.566573311731981,-1.05795970148905,482600,3091900,4930,45,0.973484648326511,0.0574298999095168,0.19998209001194,-0.000391684409114995,0,0,0.972447573811708,0
0.532710847644258,-0.0922661785615876,484700,3095100,5163,45,1.3100715131555,0.040987926639821,0.333849892604471,-0.000239769051003445,0,0,1.44842632045151,0
0.13036439151979,-5.2193910854828,483300,3094700,5074,45,1.47503991843495,0.0431428727211966,0.128901364233646,0.000260667054009152,0,0,-0.423647879871656,0
0.41237009469411,-0,486000,3097200,5299,45,1.31184327092718,0.0164380188348288,0.152121608461407,-1.50474951568612e-05,0,0,1.49776248194571,0
0.704201639863324,-0.40841966870647,484400,3095500,5139,45,0.694575535001133,0.043711687616754,0.160488063510651,0.000205371216502852,0,0,0.154463851884826,0
0.78574546267923,-0.279270719056843,485800,3098000,5312,45,1.13864163944207,0.00857366690080765,0.348936053252901,0.000482354169970582,0,0,0.795977084417396,0
0.644069827209461,-0.0668909034675376,484900,3095200,5175,45,0.648105783105502,0.0419492081595369,0.265390928881228,2.07618081403204e-05,0,0,-1.12759085640601,0
0.410496423369692,-2.40045884715041,482500,3091600,4930,45,1.47868738023628,0.0178737895929787,0.173943693435637,-0.000282665476826014,0,0,-0.851168636138669,0
0.809275924461434,-0,485000,3094700,5230,45,0.938159138973401,0.0399861057575966,0.129999236953975,0.000407493609833631,0,0,-0.879825292344756,0
0.516099646567621,-0.943909493434678,483500,3094500,5087,45,0.983248610758302,0.0316058694913721,0.124091145317338,-0.000450416439375329,0,0,0.831614634666189,0
0.1308312996574,-2.16775778598342,484700,3096000,5179,45,1.1980661480114,0.0200923131393594,0.397674085889914,-0.000115112252184107,0,0,-1.11700746015575,0
0.717643759267194,-0.509908223982914,484000,3094800,5124,45,0.961119279388623,0.0581058471351721,0.22186635371024,0.000238650085561714,0,0,-0.131551513572039,0
0.789080937965041,-0.97289581124436,482700,3092400,4957,45,1.30630507752037,0.016520541711128,0.283159748643048,-0.000187151492060243,0,0,-0.365514258853659,0
0.815801302818835,-0.493888268205822,484700,3096800,5243,45,1.45293552277061,0.0409871782267434,0.192327082812099,0.000227599591226377,0,0,0.873565221606562,0
0.408193166345888,-0.304922138163327,484500,3095300,5170,45,1.4388299384002,0.0204398828426882,0.143611806368521,-0.000173433676565682,0,0,1.28274207749894,0
0.821493870152111,-0.544427588632298,483600,3094200,5091,45,1.39533383361177,0.0193472763481408,0.389617130105741,1.86033965780609e-05,0,0,-1.22934852096215,0
0.278255483679565,-0.295607063923587,484700,3095000,5167,45,0.999039428448667,0.0163813580077694,0.184785271101547,-0.000128875722308336,0,0,1.32259718914667,0
0.956024803696891,-0.435055620335836,483400,3094300,5082,45,0.693463167860452,0.0263513744387818,0.188628481138568,2.2075380074912e-05,0,0,-0.300756068629409,0
0.477409567345402,-0.745296880280898,483000,3093100,4982,45,0.752665974921511,0.0318136402079491,0.255900193687461,-7.15201129427989e-05,0,0,-0.84415720265394,0
0.820277195130412,-0.536655322288933,482500,3092000,4952,45,0.618397406462734,0.020909259800256,0.19834290453753,0.000151484369126821,0,0,-0.574312766434661,0
0.578163302463647,-0.0848451982178752,485600,3096800,5264,45,1.45966464850718,0.0454424806831117,0.27559571033464,0.000143931262410147,0,0,-0.163928676174546,0
0.41782537910444,-1.13021626439216,483600,3095100,5112,45,1.3835169323573,0.0450467481581978,0.342137655424464,-0.000317794988589334,0,0,0.242323552872796,0
0.602006672926193,-0.145400328818706,485200,3096700,5233,45,0.6253129582199,0.0266880353146472,0.230697196641819,0.000262239563722808,0,0,-1.42811713522231,0
0.146069025596399,-4.70767204826328,483100,3094100,5036,45,1.30983291230929,0.0130376417580343,0.227046522251865,0.000269684772861138,0,0,-0.938119691027858,0
0.19774849427945,-1.9353234146361,482600,3092100,4953,45,0.661387248533006,0.0585336420602507,0.198429077966044,-0.000359131144231384,0,0,-1.17436673299006,0
0.6382523772846,-0.276931070003646,484100,3095600,5138,45,0.513818930441577,0.00779617166603807,0.356381173966855,9.01878499550737e-05,0,0,-0.653382176110288,0
0.294136567688126,-0.997505821097758,485800,3097800,5311,45,1.15902521938008,0.0240249354809306,0.166773179934713,6.71456298872164e-05,0,0,-0.251451537516012,0
0.649137793274807,-0.0255274519599433,485400,3095400,5219,45,0.890213716815093,0.0250492777910239,0.115242878800165,-0.000144247706280189,0,0,-1.34172650517729,0
0.604416856540688,-1.09822107685432,482600,3092400,4952,45,1.07204769392421,0.0297181821348487,0.198949103699366,-3.22945922649472e-05,0,0,-1.02466603442777,0
0.415164260054996,-0.743493323760913,484200,3094700,5122,45,1.15819945366037,0.0210198756899485,0.342138708064192,-3.12332332213285e-05,0,0,-0.523440841513318,0
0.59908983888017,-0.0711931860296202,485000,3097200,5263,45,1.10684597793934,0.0146265682055956,0.242768471461689,-8.98436191403749e-05,0,0,-0.69236972963526,0
0.917381146327641,-0.361898273399674,482900,3093700,5001,45,0.570249605798671,0.0178383427186552,0.194344137422921,-0.00027885431007934,0,0,-0.991649465514887,0
0.275564200947325,-2.22002935799371,483900,3094800,5130,45,1.46120192692538,0.0234847938262554,0.266070426416437,-0.000318317342301691,0,0,0.422396631729403,0
0.6888749912863,-0.0626626639266664,484600,3095200,5153,45,1.27881794100746,0.0362145733100256,0.365228656136921,0.000327900663482196,0,0,0.285854540292467,0
0.222128735654319,-0.942463878158886,484900,3096100,5205,45,1.22931748768585,0.0265570368211727,0.328118468559778,-6.71349937890788e-05,0,0,0.514073945420366,0
0.596180773952689,-0.866367982014112,482000,3091000,4938,45,0.74654634820644,0.0335067274623883,0.245619343187476,-0.000378182806049064,0,0,1.37174981339989,0
0.91953024774395,-0.394561519206044,484400,3096200,5229,45,0.961813941117296,0.0168516350987214,0.344849812841741,-0.000369894656581254,0,0,-1.32801715107071,0
0.717029964205924,-0.966986419877069,484800,3096700,5231,45,1.40040223636661,0.00940146507090378,0.196746129669404,6.26613647153233e-05,0,0,1.33662464377356,0
0.418050931078121,-1.05361970004778,483100,3093700,5011,45,1.07082469112216,0.0370823503131338,0.309041082741746,0.000261667930788362,0,0,-0.32165890070251,0
0.979781639288785,-0.314026062029671,484300,3095600,5164,45,0.597539966240932,0.0320291039424204,0.128945686722389,2.3236515742616e-05,0,0,1.29139131661938,0
0.178360381300426,-3.16585470911083,484400,3096200,5229,45,1.30006617814466,0.0390135587543673,0.290862108179488,0.000331223493833029,0,0,1.37340011081727,0
0.765023799175299,-0.0517765826763641,485600,3096800,5264,45,0.908375755869862,0.0511013975712444,0.134657247813729,0.000211962983061554,0,0,-1.27748364945451,0
0.423026450309003,-0,485300,3096300,5247,45,0.618982474279957,0.0370924285638463,0.278604515171688,-0.000266611840772144,0,0,1.07929186030119,0
0.986722462080953,-0.176446503213548,484900,3095900,5193,45,0.848974068339502,0.0523069781856529,0.24433280638474,-0.000160461391371673,0,0,0.352216851827005,0
0.260365579808448,-0.102903838671003,485200,3097100,5252,45,0.708532338193617,0.0202925375106494,0.191179147837997,-0.000387244616842228,0,0,0.735254407049567,0
0.263820086645781,-0.62766270431665,483800,3095000,5104,45,0.538703821006008,0.0567339522784174,0.3571075959906,-0.000108920598967842,0,0,1.04672264885772,0
0.62588508988791,-1.33785653018248,481900,3091100,4926,45,1.24576168070508,0.0229605984288756,0.296310082435565,0.00026420475725772,0,0,-0.183324433346284,0
0.329318249482091,-1.38002448624166,482400,3092100,4940,45,0.897496991420995,0.0590693370583876,0.225751225578102,0.000387895970959808,0,0,-0.341200673609354,0
0.200419370718709,-0.676581109409746,485800,3097700,5310,45,0.719745057783953,0.0385656230319847,0.360271880322325,-9.91497419641981e-05,0,0,-0.0423388285026207,0
0.904843257743094,-0.150539620003114,484900,3096000,5199,45,0.752453151729255,0.0454138783157889,0.323037039363467,0.000424490463833387,0,0,-1.38507110065465,0
0.518914389710687,-1.0978992183049,483200,3094100,5045,45,1.24727585707591,0.0294028251097798,0.253196043026501,-0.000273965947326924,0,0,0.500991878371369,0
0.223573293733238,-1.37193752443859,484700,3095900,5170,45,1.11996020550872,0.0289777903871977,0.348715008269766,-0.000259981965668595,0,0,-1.23670298437024,0
0.978699213974108,-0.275579066176438,484200,3095200,5128,45,1.05824880759071,0.0281719932222356,0.147648774120841,-0.00022255241655236,0,0,1.20129725012173,0
0.212508490750792,-2.14318680872269,482500,3091700,4926,45,1.02742586064431,0.0468599089166842,0.362225409086429,0.000425442158449824,0,0,-0.778223181572984,0
0.692666434572044,-0.417392088950279,483000,3092700,4969,45,0.814000529819402,0.048970347692266,0.373097294961639,-0.000168140228987728,0,0,-0.566124799762396,0
0.932180515324606,-0.67444147767614,483600,3094900,5088,45,1.38680027574634,0.0520521709181379,0.180976602341904,0.000176737747676161,0,0,0.69804205570507,0
0.095522225526183,-5.4020359405273,482700,3092200,4950,45,1.3669382197622,0.0507962720529739,0.213500847239895,0.000419979313538087,0,0,0.583359683455409,0
0.851485418461564,-0.0846930379217202,485000,3096400,5222,45,0.525149028307731,0.0474197560849842,0.218163064353815,-0.000350255902298991,0,0,-0.657817861363361,0
0.708254204112739,-0.466184852480921,483100,3092700,4982,45,0.821109150351301,0.0298697944531182,0.352614807778021,0.000294575965174904,0,0,-0.143906004900676,0
0.246060267456339,-3.47487418166098,481700,3090400,4929,45,1.35192320738007,0.0511751394435151,0.342647688955396,-0.000475516903185035,0,0,0.832023747048691,0
0.724876654053824,-0.705489547801269,482800,3092500,4960,45,1.07456567593215,0.0366657397709761,0.232521429405439,-0.000225487239669734,0,0,-0.986881896206837,0
0.0738183310910576,-1.81679022423881,484900,3096000,5199,45,0.712872231882024,0.0521286772238358,0.137287689521993,0.000311230960758521,0,0,-0.467879850898782,0
0.759748993833255,-0.105016069769899,484600,3094800,5193,45,1.15564305689677,0.0271233272221895,0.349691779626828,7.27998779340134e-06,0,0,-1.34536127642312,0
0.730544476378517,-0.53225971379051,483300,3093600,5017,45,1.15014028815936,0.0278508272578122,0.380134815382122,-1.89490556484659e-05,0,0,-1.34688598604085,0
0.530609116437849,-0.211142388937823,485100,3095400,5184,45,1.47579441828254,0.0457704556692542,0.354192298267327,-2.67576580102196e-05,0,0,1.43167909449435,0
0.22913526130268,-1.54644969515482,484200,3095700,5152,45,1.00840479438112,0.0416752589257148,0.319410255173469,0.000389844842714733,0,0,-0.0164655797590116,0
0.816099204334111,-0.842716460672631,483100,3094400,5040,45,1.17063200966295,0.0387392218071705,0.187469154022167,-0.000226301699534768,0,0,1.39563525118163,0
0.685198302934312,-0.819470847888163,483600,3094900,5088,45,1.11590946846776,0.0223254446056512,0.180788891577091,1.61602422379188e-05,0,0,-0.387793708151495,0
0.268584709634931,-1.68262291639549,483000,3093000,4984,45,0.854049458083588,0.0139008227533883,0.29160935376314,0.000381419534701296,0,0,-0.578749395921031,0
0.141705020585264,-0.472640882010769,484600,3095200,5153,45,0.640656417917317,0.0166978330875948,0.267603631013292,-0.000272052291665185,0,0,-0.571661040805435,0
0.0433761668469408,-0.146697771867771,485300,3094900,5209,45,0.59537875069351,0.0363387464806447,0.385223546982706,0.000311486346632071,0,0,-0.539556228298629,0
0.241476621178682,-2.02801293649045,483100,3093000,4991,45,0.965401848342974,0.0406523083049059,0.2873036279318,-7.60620047536558e-05,0,0,-1.17607618911235,0
0.0733004959792996,-3.43826238820171,484600,3096300,5209,45,1.44279344363726,0.039063900232858,0.376537096901534,0.000312835311832931,0,0,1.35432561630684,0
0.28292961568538,-0.06900846311372,485300,3095100,5208,45,1.25882535052558,0.00778280547157315,0.152104870338871,-0.000424317838669679,0,0,-1.42411263402909,0
0.923016018538229,-0.16032973927651,484100,3095200,5121,45,1.01132171148638,0.0346151291922684,0.398273013755904,0.000387370184383909,0,0,-0.422638934663534,0
0.0481233961129784,-5.31549238087725,483400,3093500,5022,45,0.540487646384946,0.0250746396526854,0.211200973867788,-9.39144310408154e-05,0,0,0.515801616970994,0
0.5406262104921,-0.70162598928881,483000,3094300,5038,45,1.03883407743527,0.0268775072383577,0.358266250557596,-8.63224586051886e-05,0,0,-0.516204728472262,0
0.680646574530365,-1.41394187730656,482900,3092200,4982,45,1.43766695707629,0.00563132496584821,0.120134046901191,0.000231928893209984,0,0,1.48728019470036,0
0.263545991548976,-1.18760910977409,484700,3095400,5174,45,1.04782103712798,0.0364202805257035,0.126820381960958,-0.000234787531932979,0,0,0.427340111706885,0
0.838692669077226,-0.43333685412239,483100,3092800,4974,45,0.782345441310421,0.0439632170445947,0.265405273854929,6.70408166120731e-05,0,0,-1.40233143670185,0
0.196683945610452,-2.94410847412488,482100,3091200,4924,45,0.976406731770598,0.0185549500374032,0.310564910270923,6.73052842924423e-05,0,0,1.33977137874769,0
0.0290120220193924,-6.56704873842755,483100,3094000,5032,45,1.05952809724907,0.0176982704424198,0.357110266986607,0.000458028923382039,0,0,0.0913304335968834,0
0.514701037648971,-0,485100,3094700,5213,45,1.38454391265567,0.00791879747492981,0.394583245205741,-0.000474914221752793,0,0,1.29727600522743,0
0.159980272308381,-1.11463283429122e-06,485500,3096500,5267,45,0.951764826758277,0.00865124009464784,0.368296089526835,0.000162814612382766,0,0,0.633526454647888,0
0.0813276554469374,-0.000215417368536057,485800,3096900,5265,45,0.826490755128186,0.0579642869516707,0.245507250538675,0.000102845229312956,0,0,1.28718946983744,0
0.634438132307079,-0.160273459067446,484900,3095000,5176,45,0.945851961429667,0.00688400336344729,0.183809672781605,0.000295783644951001,0,0,0.760977474503958,0
0.642039813115644,-1.3248830659695,481900,3090500,4928,45,0.919446252556727,0.0593696000031725,0.176662833357915,-0.000113314215506481,0,0,-0.00336055885517772,0
0.0401412888416054,-1.96666074336993,485200,3096100,5248,45,1.26312232101187,0.0315567218707625,0.346378161413949,-0.000312210165497795,0,0,0.551733767778748,0
0.601743478663576,-0.706149623483662,482800,3092600,4957,45,1.19701410142791,0.053869324709588,0.338381602958852,-0.000146929930222376,0,0,-1.07495983314934,0
0.252195277867832,-6.60203031564622e-10,485700,3096400,5301,45,1.39614394222435,0.0585804055191684,0.135930864959371,-0.00039057225288847,0,0,-0.179347808908591,0
0.574172113444284,-0.455852258679309,484100,3095600,5138,45,0.701679399335413,0.0276701638087146,0.256524342911047,-0.00031094889757732,0,0,-0.523282120288002,0
0.908736905832812,-0.246689454029192,484400,3095800,5189,45,0.7006048153615,0.013431489293986,0.344215068517715,-0.000485608945904949,0,0,-0.666517444884888,0
0.203588791688765,-0.130631543422121,485400,3096900,5263,45,0.631753673467122,0.00904023054685106,0.194033082930292,9.08296241640233e-05,0,0,-1.10195039852557,0
0.0838940055178354,-5.9374675707155,483200,3094100,5045,45,1.1415256308363,0.056923711353526,0.154233945842998,0.000306162568040524,0,0,1.07283809633807,0
0.0137103703441401,-0.00695977159825464,485900,3097100,5286,45,1.47475039547977,0.0176245961481553,0.141381430759657,0.000199781298649873,0,0,0.772660029341481,0
0.341534063092793,-0,485900,3096900,5264,45,0.924360727939302,0.0406132351233724,0.158857540769553,-0.000167664747094868,0,0,1.05054858726719,0
0.305446562497004,-1.79270536910047,483600,3095200,5112,45,0.730238440609966,0.012565751418697,0.100526665628675,0.000450468048098894,0,0,-0.199667434528413,0
0.480663136132431,-0.000740032053952837,485300,3095300,5206,45,0.728493082964258,0.0260797437463463,0.111374015230032,6.88478516169464e-05,0,0,-0.92015549041952,0
0.689267737598459,-0.5686166853697,483000,3093800,5014,45,0.743165107254457,0.0545508785118138,0.200193391719265,0.000443517869999933,0,0,0.955219828538914,0
0.591402141558662,-0,485700,3096700,5266,45,1.18747924195022,0.0526736972775285,0.181303077849648,0.000224085607378543,0,0,1.12431354140192,0
0.137056921456504,-3.01600353346103,482600,3091900,4930,45,0.585836705867469,0.00712671384490301,0.323133828371849,0.000110398004666823,0,0,-0.545409760520115,0
0.387243259056294,-1.6853241478091,481900,3090800,4931,45,0.857089243245971,0.0246681076753165,0.234059988810181,-0.000333347442673415,0,0,-0.302288248742634,0
0.696902021145638,-0,486100,3097100,5289,45,1.12607688269793,0.0312666370489025,0.211319703045616,-0.00027651051189945,0,0,-1.44008664385639,0
0.508810874761673,-0.761613079548991,483900,3095400,5139,45,0.664002907243399,0.0230107334429932,0.167290910552058,0.000167298610571455,0,0,-0.613106888733759,0
0.187906699528568,-1.36004163670367,482300,3091400,4929,45,0.510540043619995,0.0504401745234659,0.381666033824069,0.00010086715629666,0,0,-0.280941525409433,0
0.90539263426437,-0.587618422020163,482700,3092800,4970,45,1.47830526853484,0.0373831382387084,0.372576682521947,-0.00035186141618139,0,0,-0.067309722494413,0
0.0718236227018527,-1.99234388010756,484600,3095500,5161,45,0.700941542599398,0.00766659363424045,0.352574486514242,-4.31717592015859e-05,0,0,-0.980024702665897,0
0.461907498304213,-0.964258317186893,482800,3092400,4966,45,0.773550225621624,0.026819267489186,0.225071814012928,0.000252479245481495,0,0,-1.12589676320664,0
0.228008493688307,-2.00548503041107,484300,3095600,5164,45,0.800521642395822,0.0159016078245137,0.133271455734708,-9.32075962749948e-05,0,0,0.68240270775121,0
0.619368467696891,-0.86531573290734,483200,3093900,5026,45,1.37617670860594,0.0116253883112386,0.358136934454678,0.000256288501813397,0,0,-0.669270277250344,0
0.670125668643184,-0.092572714199742,484600,3095000,5162,45,1.15042336449291,0.00713257686726502,0.208464297550559,-0.000214498979846237,0,0,0.147433205933101,0
0.708482758171029,-0.155518242817034,485300,3097500,5278,45,0.800947232963204,0.0141690812747136,0.229416565694428,5.83453617214706e-05,0,0,-0.751584810713359,0
0.807587520511205,-0.122786049494967,485200,3096500,5247,45,0.581999324640966,0.0243064490171375,0.121107827815547,8.09735533259488e-05,0,0,0.0401800765583877,0
0.45743035462965,-0.206323243568519,484700,3095500,5165,45,0.600798035168539,0.0587470369190041,0.285434884592313,3.8572576578725e-05,0,0,-0.999099942658933,0
0.507460228443455,-0.777294515757759,483400,3094300,5082,45,0.656139551069993,0.0100161698147143,0.222426942131893,-0.000194773368208471,0,0,-1.32708032013154,0
0.713584783297179,-1.01457363489904,482800,3092900,4969,45,1.00073215872955,0.0266568039269725,0.123403038002177,-8.76975280973318e-05,0,0,1.3228941927294,0
0.378776778711207,-0.876289963294103,485100,3097300,5264,45,1.17198302620746,0.00980000652035223,0.188236589123675,3.65642247941525e-05,0,0,-0.260521074371865,0
0.099296046453761,-3.35732382257397,483300,3093800,5022,45,0.920822906664806,0.0547358053427425,0.354754228648491,-0.000287511437492365,0,0,-1.23629560697282,0
0.0495493327659921,-4.6621214616029,482400,3091700,4923,45,0.610444379012999,0.0534701422922057,0.353000192911524,0.000242503195972572,0,0,-0.412891391221059,0
0.526657263369748,-1.24564582255725,482600,3091700,4945,45,1.04353410980761,0.00718908704713317,0.177682419018923,0.000493009457096179,0,0,1.26890309617734,0
0.607872435221494,-0.0473637865514673,485400,3096800,5256,45,0.620751282839289,0.0289808637710475,0.171171161173512,5.61220876796697e-05,0,0,-0.182833842113161,0
0.907555812423225,-0.120365292044613,486000,3098200,5307,45,0.717755646988744,0.042956955988388,0.305398736840712,0.000245121697420677,0,0,-1.28808011647401,0
0.137722621848022,-0.957262117216149,485100,3095100,5199,45,1.3051632566461,0.0173401824605277,0.222561894989269,-0.000346393057018786,0,0,-0.168171834968007,0
0.815959783813422,-0.566421582839863,485400,3097800,5264,45,1.07987961501758,0.0214239410729207,0.105949629549279,0.000417730211958769,0,0,0.517320678342264,0
0.291860870340477,-1.33807463023659,483100,3094500,5054,45,1.0341485640872,0.0552931670459175,0.351676960698382,-7.63888299679809e-05,0,0,-0.984169127615047,0
0.167446151326109,-3.90504450208221,482600,3092900,4960,45,0.989169485829523,0.0348576289921133,0.138953481829784,-0.000186563315124093,0,0,0.447579638939423,0
0.697469657030445,-0.214372045405989,485200,3097500,5259,45,0.609239686786121,0.0373460694648742,0.310013627276456,-9.20043991339116e-05,0,0,0.221827206603221,0
0.226895215009415,-1.51238291309447,483000,3094100,5028,45,0.787349202028867,0.0568232518677095,0.306708687464635,0.00032425231796459,0,0,1.40819463516558,0
0.26619736468762,-0.851352415960355,485200,3097500,5259,45,1.32624985910276,0.043808088626998,0.376709745206889,-0.000480014000018892,0,0,0.249187561885936,0
0.0151278798995191,-0.00420464244780845,485500,3096300,5273,45,0.886418176770454,0.0295305222628209,0.165596787530191,0.000414816408143435,0,0,-1.29748910294546,0
